<?xml version="1.0" encoding="UTF-8"?>
<!DOCTYPE mapper PUBLIC "-//mybatis.org//DTD Mapper 3.0//EN" "http://mybatis.org/dtd/mybatis-3-mapper.dtd">
<mapper namespace="org.springbootdev.modules.system.mapper.AreaMapper">

    <!-- 通用查询映射结果 -->
    <resultMap id="areaResultMap" type="org.springbootdev.modules.system.entity.Area">
        <id column="id" property="id"/>
        <result column="create_user" property="createUser"/>
        <result column="create_time" property="createTime"/>
        <result column="update_user" property="updateUser"/>
        <result column="update_time" property="updateTime"/>
        <result column="status" property="status"/>
        <result column="is_deleted" property="isDeleted"/>
        <result column="area_code" property="areaCode"/>
        <result column="parent_id" property="parentId"/>
        <result column="sort" property="sort"/>
        <result column="is_leaf" property="isLeaf"/>
        <result column="area_name" property="areaName"/>
        <result column="area_type" property="areaType"/>
        <result column="remarks" property="remarks"/>
    </resultMap>
    <resultMap id="treeNodeResultMap" type="org.springbootdev.core.tool.node.TreeNode">
        <id column="id" property="id"/>
        <result column="parent_id" property="parentId"/>
        <result column="title" property="title"/>
        <result column="value" property="value"/>
        <result column="key" property="key"/>
    </resultMap>

    <select id="selectAreaPage" resultMap="areaResultMap">
        select * from mk_area where is_deleted = 0
    </select>

    <select id="tree" resultMap="treeNodeResultMap">
        select area_code as id, parent_id, area_name as title, area_code as 'value', area_code as 'key' from mk_area where is_deleted = 0
        <if test="_parameter!=null">
            and parent_id = #{_parameter}
        </if>
    </select>
</mapper>
