<?xml version="1.0" encoding="UTF-8"?>
<!DOCTYPE mapper PUBLIC "-//mybatis.org//DTD Mapper 3.0//EN" "http://mybatis.org/dtd/mybatis-3-mapper.dtd">
<mapper namespace="org.springbootdev.modules.develop.mapper.DbInstanceMapper">

    <!-- 通用查询映射结果 -->
    <resultMap id="dbInstanceResultMap" type="org.springbootdev.modules.develop.entity.DbInstance">
        <id column="id" property="id"/>
        <result column="create_user" property="createUser"/>
        <result column="create_time" property="createTime"/>
        <result column="update_user" property="updateUser"/>
        <result column="update_time" property="updateTime"/>
        <result column="is_deleted" property="isDeleted"/>
        <result column="name" property="name"/>
        <result column="data_user" property="dataUser"/>
        <result column="etl_user" property="etlUser"/>
        <result column="opr_user" property="oprUser"/>
        <result column="rpt_user" property="rptUser"/>
    </resultMap>


    <select id="selectDbInstancePage" resultMap="dbInstanceResultMap">
        select * from db_db_instance where is_deleted = 0
    </select>

</mapper>
