<?xml version="1.0" encoding="UTF-8"?>
<!--
 * Copyright (c) 2018-2028, Chill Zhuang 庄骞 (smallchill@163.com).
 * <p>
 * Licensed under the GNU LESSER GENERAL PUBLIC LICENSE 3.0;
 * you may not use this file except in compliance with the License.
 * You may obtain a copy of the License at
 * <p>
 * http://www.gnu.org/licenses/lgpl.html
 * <p>
 * Unless required by applicable law or agreed to in writing, software
 * distributed under the License is distributed on an "AS IS" BASIS,
 * WITHOUT WARRANTIES OR CONDITIONS OF ANY KIND, either express or implied.
 * See the License for the specific language governing permissions and
 * limitations under the License.
 * -->
<configuration scan="true" scanPeriod="60 seconds">

    <!-- 彩色日志依赖的渲染类 -->
    <conversionRule conversionWord="clr" converterClass="org.springframework.boot.logging.logback.ColorConverter" />
    <conversionRule conversionWord="wex" converterClass="org.springframework.boot.logging.logback.WhitespaceThrowableProxyConverter" />
    <conversionRule conversionWord="wEx" converterClass="org.springframework.boot.logging.logback.ExtendedWhitespaceThrowableProxyConverter" />
    <!-- 彩色日志格式 -->
    <property name="CONSOLE_LOG_PATTERN" value="${CONSOLE_LOG_PATTERN:-%clr(%d{yyyy-MM-dd HH:mm:ss.SSS}){faint} %clr(${LOG_LEVEL_PATTERN:-%5p}) %clr(${PID:- }){magenta} %clr(---){faint} %clr([%15.15t]){faint} %clr(%-40.40logger{39}){cyan} %clr(:){faint} %m%n${LOG_EXCEPTION_CONVERSION_WORD:-%wEx}}" />
    <!-- 控制台输出 -->
    <appender name="STDOUT" class="ch.qos.logback.core.ConsoleAppender">
        <encoder class="ch.qos.logback.classic.encoder.PatternLayoutEncoder">
            <pattern>${CONSOLE_LOG_PATTERN}</pattern>
            <charset>utf8</charset>
        </encoder>
    </appender>

    <!-- 生成日志文件 -->
    <appender name="INFO" class="ch.qos.logback.core.rolling.RollingFileAppender">
        <rollingPolicy class="ch.qos.logback.core.rolling.TimeBasedRollingPolicy">
            <!-- 日志文件输出的文件名 -->
            <FileNamePattern>target/log/info-%d{yyyy-MM-dd}.log</FileNamePattern>
            <!-- 日志文件保留天数 -->
            <MaxHistory>365</MaxHistory>
        </rollingPolicy>
        <encoder class="ch.qos.logback.classic.encoder.PatternLayoutEncoder">
            <pattern>%n%d{yyyy-MM-dd HH:mm:ss.SSS} [%thread]  [%logger{50}] %n%-5level: %msg%n</pattern>
        </encoder>
        <!-- 日志文件最大的大小 -->
        <triggeringPolicy class="ch.qos.logback.core.rolling.SizeBasedTriggeringPolicy">
            <MaxFileSize>500MB</MaxFileSize>
        </triggeringPolicy>
        <!-- 打印日志级别 -->
        <filter class="ch.qos.logback.classic.filter.LevelFilter">
            <level>INFO</level>
            <onMatch>ACCEPT</onMatch>
            <onMismatch>DENY</onMismatch>
        </filter>
    </appender>

    <!-- 生成日志文件 -->
    <appender name="ERROR" class="ch.qos.logback.core.rolling.RollingFileAppender">
        <rollingPolicy class="ch.qos.logback.core.rolling.TimeBasedRollingPolicy">
            <!-- 日志文件输出的文件名 -->
            <FileNamePattern>target/log/error-%d{yyyy-MM-dd}.log</FileNamePattern>
            <!-- 日志文件保留天数 -->
            <MaxHistory>365</MaxHistory>
        </rollingPolicy>
        <encoder class="ch.qos.logback.classic.encoder.PatternLayoutEncoder">
            <pattern>%n%d{yyyy-MM-dd HH:mm:ss.SSS} [%thread]  [%logger{50}] %n%-5level: %msg%n</pattern>
        </encoder>
        <!-- 日志文件最大的大小 -->
        <triggeringPolicy class="ch.qos.logback.core.rolling.SizeBasedTriggeringPolicy">
            <MaxFileSize>500MB</MaxFileSize>
        </triggeringPolicy>
        <!-- 打印日志级别 -->
        <filter class="ch.qos.logback.classic.filter.LevelFilter">
            <level>ERROR</level>
            <onMatch>ACCEPT</onMatch>
            <onMismatch>DENY</onMismatch>
        </filter>
    </appender>

    <!-- 日志输出级别 -->
    <root level="INFO">
        <appender-ref ref="STDOUT" />
        <appender-ref ref="INFO" />
        <appender-ref ref="ERROR" />
    </root>

    <logger name="net.sf.ehcache" level="INFO"/>
    <logger name="druid.sql" level="INFO"/>

</configuration>
